Orthogroup	armadillo	elephant
OG0000000	Dasypus_novemcinctus_GENE_1433	Loxodonta_africana_GENE_1433
OG0000001	Dasypus_novemcinctus_GENE_2421	Loxodonta_africana_GENE_2421
OG0000002	Dasypus_novemcinctus_GENE_1086	Loxodonta_africana_GENE_1086
OG0000004	Dasypus_novemcinctus_GENE_1206	Loxodonta_africana_GENE_1206
OG0000005	Dasypus_novemcinctus_GENE_1224	Loxodonta_africana_GENE_1224
OG0000006	Dasypus_novemcinctus_GENE_1646	Loxodonta_africana_GENE_1646
OG0000007	Dasypus_novemcinctus_GENE_2194	Loxodonta_africana_GENE_2194
OG0000008	Dasypus_novemcinctus_GENE_2244	Loxodonta_africana_GENE_2244
OG0000009	Dasypus_novemcinctus_GENE_2459	Loxodonta_africana_GENE_2459
OG0000010	Dasypus_novemcinctus_GENE_1465	Loxodonta_africana_GENE_1465
OG0000011	Dasypus_novemcinctus_GENE_1671	Loxodonta_africana_GENE_1671
OG0000012	Dasypus_novemcinctus_GENE_1724	Loxodonta_africana_GENE_1724
OG0000013	Dasypus_novemcinctus_GENE_1984	Loxodonta_africana_GENE_1984
OG0000014	Dasypus_novemcinctus_GENE_2024	Loxodonta_africana_GENE_2024
OG0000015	Dasypus_novemcinctus_GENE_2274	Loxodonta_africana_GENE_2274
OG0000016	Dasypus_novemcinctus_GENE_2443	Loxodonta_africana_GENE_2443
OG0000018	Dasypus_novemcinctus_GENE_17	Loxodonta_africana_GENE_17
OG0000019	Dasypus_novemcinctus_GENE_2063	Loxodonta_africana_GENE_2063
