Orthogroup	armadillo	lizard
OG0000000	Dasypus_novemcinctus_GENE_1433	Anolis_carolinensis_GENE_1433
OG0000001	Dasypus_novemcinctus_GENE_2421	Anolis_carolinensis_GENE_2421
OG0000002	Dasypus_novemcinctus_GENE_1086	Anolis_carolinensis_GENE_1086
OG0000004	Dasypus_novemcinctus_GENE_1206	Anolis_carolinensis_GENE_1206
OG0000005	Dasypus_novemcinctus_GENE_1224	Anolis_carolinensis_GENE_1224
OG0000006	Dasypus_novemcinctus_GENE_1646	Anolis_carolinensis_GENE_1646
OG0000007	Dasypus_novemcinctus_GENE_2194	Anolis_carolinensis_GENE_2194
OG0000008	Dasypus_novemcinctus_GENE_2244	Anolis_carolinensis_GENE_2244
OG0000009	Dasypus_novemcinctus_GENE_2459	Anolis_carolinensis_GENE_2459
OG0000010	Dasypus_novemcinctus_GENE_1465	Anolis_carolinensis_GENE_1465
OG0000011	Dasypus_novemcinctus_GENE_1671	Anolis_carolinensis_GENE_1671
OG0000012	Dasypus_novemcinctus_GENE_1724	Anolis_carolinensis_GENE_1724
OG0000013	Dasypus_novemcinctus_GENE_1984	Anolis_carolinensis_GENE_1984
OG0000014	Dasypus_novemcinctus_GENE_2024	Anolis_carolinensis_GENE_2024
OG0000015	Dasypus_novemcinctus_GENE_2274	Anolis_carolinensis_GENE_2274
OG0000016	Dasypus_novemcinctus_GENE_2443	Anolis_carolinensis_GENE_2443
OG0000019	Dasypus_novemcinctus_GENE_2063	Anolis_carolinensis_GENE_2063
