Orthogroup	armadillo	zebrafinch
OG0000000	Dasypus_novemcinctus_GENE_1433	Taeniopygia_guttata_GENE_1433
OG0000001	Dasypus_novemcinctus_GENE_2421	Taeniopygia_guttata_GENE_2421
OG0000004	Dasypus_novemcinctus_GENE_1206	Taeniopygia_guttata_GENE_1206
OG0000006	Dasypus_novemcinctus_GENE_1646	Taeniopygia_guttata_GENE_1646
OG0000008	Dasypus_novemcinctus_GENE_2244	Taeniopygia_guttata_GENE_2244
OG0000009	Dasypus_novemcinctus_GENE_2459	Taeniopygia_guttata_GENE_2459
OG0000010	Dasypus_novemcinctus_GENE_1465	Taeniopygia_guttata_GENE_1465
OG0000011	Dasypus_novemcinctus_GENE_1671	Taeniopygia_guttata_GENE_1671
OG0000012	Dasypus_novemcinctus_GENE_1724	Taeniopygia_guttata_GENE_1724
OG0000013	Dasypus_novemcinctus_GENE_1984	Taeniopygia_guttata_GENE_1984
OG0000014	Dasypus_novemcinctus_GENE_2024	Taeniopygia_guttata_GENE_2024
OG0000018	Dasypus_novemcinctus_GENE_17	Taeniopygia_guttata_GENE_17
OG0000019	Dasypus_novemcinctus_GENE_2063	Taeniopygia_guttata_GENE_2063
