Orthogroup	armadillo	dog
OG0000000	Dasypus_novemcinctus_GENE_1433	Canis_lupus_familiaris_GENE_1433
OG0000001	Dasypus_novemcinctus_GENE_2421	Canis_lupus_familiaris_GENE_2421
OG0000002	Dasypus_novemcinctus_GENE_1086	Canis_lupus_familiaris_GENE_1086
OG0000004	Dasypus_novemcinctus_GENE_1206	Canis_lupus_familiaris_GENE_1206
OG0000005	Dasypus_novemcinctus_GENE_1224	Canis_lupus_familiaris_GENE_1224
OG0000006	Dasypus_novemcinctus_GENE_1646	Canis_lupus_familiaris_GENE_1646
OG0000007	Dasypus_novemcinctus_GENE_2194	Canis_lupus_familiaris_GENE_2194
OG0000008	Dasypus_novemcinctus_GENE_2244	Canis_lupus_familiaris_GENE_2244
OG0000010	Dasypus_novemcinctus_GENE_1465	Canis_lupus_familiaris_GENE_1465
OG0000011	Dasypus_novemcinctus_GENE_1671	Canis_lupus_familiaris_GENE_1671
OG0000012	Dasypus_novemcinctus_GENE_1724	Canis_lupus_familiaris_GENE_1724
OG0000013	Dasypus_novemcinctus_GENE_1984	Canis_lupus_familiaris_GENE_1984
OG0000014	Dasypus_novemcinctus_GENE_2024	Canis_lupus_familiaris_GENE_2024
OG0000015	Dasypus_novemcinctus_GENE_2274	Canis_lupus_familiaris_GENE_2274
OG0000016	Dasypus_novemcinctus_GENE_2443	Canis_lupus_familiaris_GENE_2443
OG0000018	Dasypus_novemcinctus_GENE_17	Canis_lupus_familiaris_GENE_17
