Orthogroup	armadillo	opossum
OG0000000	Dasypus_novemcinctus_GENE_1433	Monodelphis_domestica_GENE_1433
OG0000001	Dasypus_novemcinctus_GENE_2421	Monodelphis_domestica_GENE_2421
OG0000002	Dasypus_novemcinctus_GENE_1086	Monodelphis_domestica_GENE_1086
OG0000004	Dasypus_novemcinctus_GENE_1206	Monodelphis_domestica_GENE_1206
OG0000005	Dasypus_novemcinctus_GENE_1224	Monodelphis_domestica_GENE_1224
OG0000006	Dasypus_novemcinctus_GENE_1646	Monodelphis_domestica_GENE_1646
OG0000007	Dasypus_novemcinctus_GENE_2194	Monodelphis_domestica_GENE_2194
OG0000008	Dasypus_novemcinctus_GENE_2244	Monodelphis_domestica_GENE_2244
OG0000009	Dasypus_novemcinctus_GENE_2459	Monodelphis_domestica_GENE_2459
OG0000010	Dasypus_novemcinctus_GENE_1465	Monodelphis_domestica_GENE_1465
OG0000011	Dasypus_novemcinctus_GENE_1671	Monodelphis_domestica_GENE_1671
OG0000012	Dasypus_novemcinctus_GENE_1724	Monodelphis_domestica_GENE_1724
OG0000013	Dasypus_novemcinctus_GENE_1984	Monodelphis_domestica_GENE_1984
OG0000014	Dasypus_novemcinctus_GENE_2024	Monodelphis_domestica_GENE_2024
OG0000015	Dasypus_novemcinctus_GENE_2274	Monodelphis_domestica_GENE_2274
OG0000016	Dasypus_novemcinctus_GENE_2443	Monodelphis_domestica_GENE_2443
OG0000019	Dasypus_novemcinctus_GENE_2063	Monodelphis_domestica_GENE_2063
