Orthogroup	armadillo	zebrafish
OG0000000	Dasypus_novemcinctus_GENE_1433	Danio_rerio_GENE_1433
OG0000001	Dasypus_novemcinctus_GENE_2421	Danio_rerio_GENE_2421
OG0000002	Dasypus_novemcinctus_GENE_1086	Danio_rerio_GENE_1086
OG0000004	Dasypus_novemcinctus_GENE_1206	Danio_rerio_GENE_1206
OG0000005	Dasypus_novemcinctus_GENE_1224	Danio_rerio_GENE_1224
OG0000006	Dasypus_novemcinctus_GENE_1646	Danio_rerio_GENE_1646
OG0000007	Dasypus_novemcinctus_GENE_2194	Danio_rerio_GENE_2194
OG0000008	Dasypus_novemcinctus_GENE_2244	Danio_rerio_GENE_2244
OG0000009	Dasypus_novemcinctus_GENE_2459	Danio_rerio_GENE_2459
OG0000012	Dasypus_novemcinctus_GENE_1724	Danio_rerio_GENE_1724
OG0000014	Dasypus_novemcinctus_GENE_2024	Danio_rerio_GENE_2024
OG0000015	Dasypus_novemcinctus_GENE_2274	Danio_rerio_GENE_2274
OG0000018	Dasypus_novemcinctus_GENE_17	Danio_rerio_GENE_17
OG0000019	Dasypus_novemcinctus_GENE_2063	Danio_rerio_GENE_2063
