Orthogroup	armadillo	platypus
OG0000000	Dasypus_novemcinctus_GENE_1433	Ornithorhynchus_anatinus_GENE_1433
OG0000001	Dasypus_novemcinctus_GENE_2421	Ornithorhynchus_anatinus_GENE_2421
OG0000002	Dasypus_novemcinctus_GENE_1086	Ornithorhynchus_anatinus_GENE_1086
OG0000004	Dasypus_novemcinctus_GENE_1206	Ornithorhynchus_anatinus_GENE_1206
OG0000005	Dasypus_novemcinctus_GENE_1224	Ornithorhynchus_anatinus_GENE_1224
OG0000007	Dasypus_novemcinctus_GENE_2194	Ornithorhynchus_anatinus_GENE_2194
OG0000008	Dasypus_novemcinctus_GENE_2244	Ornithorhynchus_anatinus_GENE_2244
OG0000009	Dasypus_novemcinctus_GENE_2459	Ornithorhynchus_anatinus_GENE_2459
OG0000010	Dasypus_novemcinctus_GENE_1465	Ornithorhynchus_anatinus_GENE_1465
OG0000011	Dasypus_novemcinctus_GENE_1671	Ornithorhynchus_anatinus_GENE_1671
OG0000012	Dasypus_novemcinctus_GENE_1724	Ornithorhynchus_anatinus_GENE_1724
OG0000013	Dasypus_novemcinctus_GENE_1984	Ornithorhynchus_anatinus_GENE_1984
OG0000016	Dasypus_novemcinctus_GENE_2443	Ornithorhynchus_anatinus_GENE_2443
OG0000019	Dasypus_novemcinctus_GENE_2063	Ornithorhynchus_anatinus_GENE_2063
