Orthogroup	dog	armadillo
OG0000000	Canis_lupus_familiaris_GENE_1433	Dasypus_novemcinctus_GENE_1433
OG0000001	Canis_lupus_familiaris_GENE_2421	Dasypus_novemcinctus_GENE_2421
OG0000002	Canis_lupus_familiaris_GENE_1086	Dasypus_novemcinctus_GENE_1086
OG0000004	Canis_lupus_familiaris_GENE_1206	Dasypus_novemcinctus_GENE_1206
OG0000005	Canis_lupus_familiaris_GENE_1224	Dasypus_novemcinctus_GENE_1224
OG0000006	Canis_lupus_familiaris_GENE_1646	Dasypus_novemcinctus_GENE_1646
OG0000007	Canis_lupus_familiaris_GENE_2194	Dasypus_novemcinctus_GENE_2194
OG0000008	Canis_lupus_familiaris_GENE_2244	Dasypus_novemcinctus_GENE_2244
OG0000010	Canis_lupus_familiaris_GENE_1465	Dasypus_novemcinctus_GENE_1465
OG0000011	Canis_lupus_familiaris_GENE_1671	Dasypus_novemcinctus_GENE_1671
OG0000012	Canis_lupus_familiaris_GENE_1724	Dasypus_novemcinctus_GENE_1724
OG0000013	Canis_lupus_familiaris_GENE_1984	Dasypus_novemcinctus_GENE_1984
OG0000014	Canis_lupus_familiaris_GENE_2024	Dasypus_novemcinctus_GENE_2024
OG0000015	Canis_lupus_familiaris_GENE_2274	Dasypus_novemcinctus_GENE_2274
OG0000016	Canis_lupus_familiaris_GENE_2443	Dasypus_novemcinctus_GENE_2443
OG0000018	Canis_lupus_familiaris_GENE_17	Dasypus_novemcinctus_GENE_17
