Orthogroup	dog	tilapia
OG0000000	Canis_lupus_familiaris_GENE_1433	Oreochromis_niloticus_GENE_1433
OG0000001	Canis_lupus_familiaris_GENE_2421	Oreochromis_niloticus_GENE_2421
OG0000002	Canis_lupus_familiaris_GENE_1086	Oreochromis_niloticus_GENE_1086
OG0000003	Canis_lupus_familiaris_GENE_1093	Oreochromis_niloticus_GENE_1093
OG0000004	Canis_lupus_familiaris_GENE_1206	Oreochromis_niloticus_GENE_1206
OG0000005	Canis_lupus_familiaris_GENE_1224	Oreochromis_niloticus_GENE_1224
OG0000006	Canis_lupus_familiaris_GENE_1646	Oreochromis_niloticus_GENE_1646
OG0000007	Canis_lupus_familiaris_GENE_2194	Oreochromis_niloticus_GENE_2194
OG0000008	Canis_lupus_familiaris_GENE_2244	Oreochromis_niloticus_GENE_2244
OG0000011	Canis_lupus_familiaris_GENE_1671	Oreochromis_niloticus_GENE_1671
OG0000014	Canis_lupus_familiaris_GENE_2024	Oreochromis_niloticus_GENE_2024
OG0000015	Canis_lupus_familiaris_GENE_2274	Oreochromis_niloticus_GENE_2274
OG0000016	Canis_lupus_familiaris_GENE_2443	Oreochromis_niloticus_GENE_2443
OG0000017	Canis_lupus_familiaris_GENE_248	Oreochromis_niloticus_GENE_248
OG0000018	Canis_lupus_familiaris_GENE_17	Oreochromis_niloticus_GENE_17
