Orthogroup	dog	kangaroo
OG0000000	Canis_lupus_familiaris_GENE_1433	Macropus_eugenii_GENE_1433
OG0000001	Canis_lupus_familiaris_GENE_2421	Macropus_eugenii_GENE_2421
OG0000002	Canis_lupus_familiaris_GENE_1086	Macropus_eugenii_GENE_1086
OG0000003	Canis_lupus_familiaris_GENE_1093	Macropus_eugenii_GENE_1093
OG0000004	Canis_lupus_familiaris_GENE_1206	Macropus_eugenii_GENE_1206
OG0000005	Canis_lupus_familiaris_GENE_1224	Macropus_eugenii_GENE_1224
OG0000006	Canis_lupus_familiaris_GENE_1646	Macropus_eugenii_GENE_1646
OG0000007	Canis_lupus_familiaris_GENE_2194	Macropus_eugenii_GENE_2194
OG0000010	Canis_lupus_familiaris_GENE_1465	Macropus_eugenii_GENE_1465
OG0000011	Canis_lupus_familiaris_GENE_1671	Macropus_eugenii_GENE_1671
OG0000012	Canis_lupus_familiaris_GENE_1724	Macropus_eugenii_GENE_1724
OG0000013	Canis_lupus_familiaris_GENE_1984	Macropus_eugenii_GENE_1984
OG0000014	Canis_lupus_familiaris_GENE_2024	Macropus_eugenii_GENE_2024
OG0000015	Canis_lupus_familiaris_GENE_2274	Macropus_eugenii_GENE_2274
OG0000016	Canis_lupus_familiaris_GENE_2443	Macropus_eugenii_GENE_2443
OG0000017	Canis_lupus_familiaris_GENE_248	Macropus_eugenii_GENE_248
OG0000018	Canis_lupus_familiaris_GENE_17	Macropus_eugenii_GENE_17
OG0000020	Canis_lupus_familiaris_GENE_2498	Macropus_eugenii_GENE_2498
