Orthogroup	African-lungfish	zebrafinch
OG0000000	Protopterus_annectens_GENE_1433	Taeniopygia_guttata_GENE_1433
OG0000001	Protopterus_annectens_GENE_2421	Taeniopygia_guttata_GENE_2421
OG0000003	Protopterus_annectens_GENE_1093	Taeniopygia_guttata_GENE_1093
OG0000004	Protopterus_annectens_GENE_1206	Taeniopygia_guttata_GENE_1206
OG0000006	Protopterus_annectens_GENE_1646	Taeniopygia_guttata_GENE_1646
OG0000008	Protopterus_annectens_GENE_2244	Taeniopygia_guttata_GENE_2244
OG0000009	Protopterus_annectens_GENE_2459	Taeniopygia_guttata_GENE_2459
OG0000010	Protopterus_annectens_GENE_1465	Taeniopygia_guttata_GENE_1465
OG0000011	Protopterus_annectens_GENE_1671	Taeniopygia_guttata_GENE_1671
OG0000012	Protopterus_annectens_GENE_1724	Taeniopygia_guttata_GENE_1724
OG0000013	Protopterus_annectens_GENE_1984	Taeniopygia_guttata_GENE_1984
OG0000014	Protopterus_annectens_GENE_2024	Taeniopygia_guttata_GENE_2024
OG0000017	Protopterus_annectens_GENE_248	Taeniopygia_guttata_GENE_248
OG0000018	Protopterus_annectens_GENE_17	Taeniopygia_guttata_GENE_17
OG0000019	Protopterus_annectens_GENE_2063	Taeniopygia_guttata_GENE_2063
OG0000020	Protopterus_annectens_GENE_2498	Taeniopygia_guttata_GENE_2498
