Orthogroup	African-lungfish	lizard
OG0000000	Protopterus_annectens_GENE_1433	Anolis_carolinensis_GENE_1433
OG0000001	Protopterus_annectens_GENE_2421	Anolis_carolinensis_GENE_2421
OG0000002	Protopterus_annectens_GENE_1086	Anolis_carolinensis_GENE_1086
OG0000003	Protopterus_annectens_GENE_1093	Anolis_carolinensis_GENE_1093
OG0000004	Protopterus_annectens_GENE_1206	Anolis_carolinensis_GENE_1206
OG0000005	Protopterus_annectens_GENE_1224	Anolis_carolinensis_GENE_1224
OG0000006	Protopterus_annectens_GENE_1646	Anolis_carolinensis_GENE_1646
OG0000007	Protopterus_annectens_GENE_2194	Anolis_carolinensis_GENE_2194
OG0000008	Protopterus_annectens_GENE_2244	Anolis_carolinensis_GENE_2244
OG0000009	Protopterus_annectens_GENE_2459	Anolis_carolinensis_GENE_2459
OG0000010	Protopterus_annectens_GENE_1465	Anolis_carolinensis_GENE_1465
OG0000011	Protopterus_annectens_GENE_1671	Anolis_carolinensis_GENE_1671
OG0000012	Protopterus_annectens_GENE_1724	Anolis_carolinensis_GENE_1724
OG0000013	Protopterus_annectens_GENE_1984	Anolis_carolinensis_GENE_1984
OG0000014	Protopterus_annectens_GENE_2024	Anolis_carolinensis_GENE_2024
OG0000015	Protopterus_annectens_GENE_2274	Anolis_carolinensis_GENE_2274
OG0000016	Protopterus_annectens_GENE_2443	Anolis_carolinensis_GENE_2443
OG0000017	Protopterus_annectens_GENE_248	Anolis_carolinensis_GENE_248
OG0000019	Protopterus_annectens_GENE_2063	Anolis_carolinensis_GENE_2063
OG0000020	Protopterus_annectens_GENE_2498	Anolis_carolinensis_GENE_2498
