Orthogroup	African-lungfish	tilapia
OG0000000	Protopterus_annectens_GENE_1433	Oreochromis_niloticus_GENE_1433
OG0000001	Protopterus_annectens_GENE_2421	Oreochromis_niloticus_GENE_2421
OG0000002	Protopterus_annectens_GENE_1086	Oreochromis_niloticus_GENE_1086
OG0000003	Protopterus_annectens_GENE_1093	Oreochromis_niloticus_GENE_1093
OG0000004	Protopterus_annectens_GENE_1206	Oreochromis_niloticus_GENE_1206
OG0000005	Protopterus_annectens_GENE_1224	Oreochromis_niloticus_GENE_1224
OG0000006	Protopterus_annectens_GENE_1646	Oreochromis_niloticus_GENE_1646
OG0000007	Protopterus_annectens_GENE_2194	Oreochromis_niloticus_GENE_2194
OG0000008	Protopterus_annectens_GENE_2244	Oreochromis_niloticus_GENE_2244
OG0000009	Protopterus_annectens_GENE_2459	Oreochromis_niloticus_GENE_2459
OG0000011	Protopterus_annectens_GENE_1671	Oreochromis_niloticus_GENE_1671
OG0000014	Protopterus_annectens_GENE_2024	Oreochromis_niloticus_GENE_2024
OG0000015	Protopterus_annectens_GENE_2274	Oreochromis_niloticus_GENE_2274
OG0000016	Protopterus_annectens_GENE_2443	Oreochromis_niloticus_GENE_2443
OG0000017	Protopterus_annectens_GENE_248	Oreochromis_niloticus_GENE_248
OG0000018	Protopterus_annectens_GENE_17	Oreochromis_niloticus_GENE_17
OG0000019	Protopterus_annectens_GENE_2063	Oreochromis_niloticus_GENE_2063
