Orthogroup	turkey	turtle
OG0000000	Meleagris_gallopavo_GENE_1433	Pelodiscus_sinensis_GENE_1433
OG0000001	Meleagris_gallopavo_GENE_2421	Pelodiscus_sinensis_GENE_2421
OG0000002	Meleagris_gallopavo_GENE_1086	Pelodiscus_sinensis_GENE_1086
OG0000003	Meleagris_gallopavo_GENE_1093	Pelodiscus_sinensis_GENE_1093
OG0000004	Meleagris_gallopavo_GENE_1206	Pelodiscus_sinensis_GENE_1206
OG0000005	Meleagris_gallopavo_GENE_1224	Pelodiscus_sinensis_GENE_1224
OG0000006	Meleagris_gallopavo_GENE_1646	Pelodiscus_sinensis_GENE_1646
OG0000007	Meleagris_gallopavo_GENE_2194	Pelodiscus_sinensis_GENE_2194
OG0000008	Meleagris_gallopavo_GENE_2244	Pelodiscus_sinensis_GENE_2244
OG0000009	Meleagris_gallopavo_GENE_2459	Pelodiscus_sinensis_GENE_2459
OG0000010	Meleagris_gallopavo_GENE_1465	Pelodiscus_sinensis_GENE_1465
OG0000012	Meleagris_gallopavo_GENE_1724	Pelodiscus_sinensis_GENE_1724
OG0000013	Meleagris_gallopavo_GENE_1984	Pelodiscus_sinensis_GENE_1984
OG0000015	Meleagris_gallopavo_GENE_2274	Pelodiscus_sinensis_GENE_2274
OG0000016	Meleagris_gallopavo_GENE_2443	Pelodiscus_sinensis_GENE_2443
OG0000017	Meleagris_gallopavo_GENE_248	Pelodiscus_sinensis_GENE_248
OG0000018	Meleagris_gallopavo_GENE_17	Pelodiscus_sinensis_GENE_17
OG0000019	Meleagris_gallopavo_GENE_2063	Pelodiscus_sinensis_GENE_2063
OG0000020	Meleagris_gallopavo_GENE_2498	Pelodiscus_sinensis_GENE_2498
