Orthogroup	turkey	frog
OG0000000	Meleagris_gallopavo_GENE_1433	Silurana_tropicalis_GENE_1433
OG0000001	Meleagris_gallopavo_GENE_2421	Silurana_tropicalis_GENE_2421
OG0000002	Meleagris_gallopavo_GENE_1086	Silurana_tropicalis_GENE_1086
OG0000003	Meleagris_gallopavo_GENE_1093	Silurana_tropicalis_GENE_1093
OG0000004	Meleagris_gallopavo_GENE_1206	Silurana_tropicalis_GENE_1206
OG0000005	Meleagris_gallopavo_GENE_1224	Silurana_tropicalis_GENE_1224
OG0000006	Meleagris_gallopavo_GENE_1646	Silurana_tropicalis_GENE_1646
OG0000007	Meleagris_gallopavo_GENE_2194	Silurana_tropicalis_GENE_2194
OG0000008	Meleagris_gallopavo_GENE_2244	Silurana_tropicalis_GENE_2244
OG0000009	Meleagris_gallopavo_GENE_2459	Silurana_tropicalis_GENE_2459
OG0000010	Meleagris_gallopavo_GENE_1465	Silurana_tropicalis_GENE_1465
OG0000012	Meleagris_gallopavo_GENE_1724	Silurana_tropicalis_GENE_1724
OG0000013	Meleagris_gallopavo_GENE_1984	Silurana_tropicalis_GENE_1984
OG0000014	Meleagris_gallopavo_GENE_2024	Silurana_tropicalis_GENE_2024
OG0000015	Meleagris_gallopavo_GENE_2274	Silurana_tropicalis_GENE_2274
OG0000016	Meleagris_gallopavo_GENE_2443	Silurana_tropicalis_GENE_2443
OG0000017	Meleagris_gallopavo_GENE_248	Silurana_tropicalis_GENE_248
OG0000018	Meleagris_gallopavo_GENE_17	Silurana_tropicalis_GENE_17
OG0000019	Meleagris_gallopavo_GENE_2063	Silurana_tropicalis_GENE_2063
OG0000020	Meleagris_gallopavo_GENE_2498	Silurana_tropicalis_GENE_2498
