Orthogroup	turkey	African-lungfish
OG0000000	Meleagris_gallopavo_GENE_1433	Protopterus_annectens_GENE_1433
OG0000001	Meleagris_gallopavo_GENE_2421	Protopterus_annectens_GENE_2421
OG0000002	Meleagris_gallopavo_GENE_1086	Protopterus_annectens_GENE_1086
OG0000003	Meleagris_gallopavo_GENE_1093	Protopterus_annectens_GENE_1093
OG0000004	Meleagris_gallopavo_GENE_1206	Protopterus_annectens_GENE_1206
OG0000005	Meleagris_gallopavo_GENE_1224	Protopterus_annectens_GENE_1224
OG0000006	Meleagris_gallopavo_GENE_1646	Protopterus_annectens_GENE_1646
OG0000007	Meleagris_gallopavo_GENE_2194	Protopterus_annectens_GENE_2194
OG0000008	Meleagris_gallopavo_GENE_2244	Protopterus_annectens_GENE_2244
OG0000009	Meleagris_gallopavo_GENE_2459	Protopterus_annectens_GENE_2459
OG0000010	Meleagris_gallopavo_GENE_1465	Protopterus_annectens_GENE_1465
OG0000012	Meleagris_gallopavo_GENE_1724	Protopterus_annectens_GENE_1724
OG0000013	Meleagris_gallopavo_GENE_1984	Protopterus_annectens_GENE_1984
OG0000014	Meleagris_gallopavo_GENE_2024	Protopterus_annectens_GENE_2024
OG0000015	Meleagris_gallopavo_GENE_2274	Protopterus_annectens_GENE_2274
OG0000016	Meleagris_gallopavo_GENE_2443	Protopterus_annectens_GENE_2443
OG0000017	Meleagris_gallopavo_GENE_248	Protopterus_annectens_GENE_248
OG0000018	Meleagris_gallopavo_GENE_17	Protopterus_annectens_GENE_17
OG0000019	Meleagris_gallopavo_GENE_2063	Protopterus_annectens_GENE_2063
OG0000020	Meleagris_gallopavo_GENE_2498	Protopterus_annectens_GENE_2498
