Orthogroup	shark	human
OG0000000	Callorhinchus_milii_GENE_1433	Homo_sapiens_GENE_1433
OG0000001	Callorhinchus_milii_GENE_2421	Homo_sapiens_GENE_2421
OG0000002	Callorhinchus_milii_GENE_1086	Homo_sapiens_GENE_1086
OG0000003	Callorhinchus_milii_GENE_1093	Homo_sapiens_GENE_1093
OG0000004	Callorhinchus_milii_GENE_1206	Homo_sapiens_GENE_1206
OG0000005	Callorhinchus_milii_GENE_1224	Homo_sapiens_GENE_1224
OG0000006	Callorhinchus_milii_GENE_1646	Homo_sapiens_GENE_1646
OG0000007	Callorhinchus_milii_GENE_2194	Homo_sapiens_GENE_2194
OG0000008	Callorhinchus_milii_GENE_2244	Homo_sapiens_GENE_2244
OG0000009	Callorhinchus_milii_GENE_2459	Homo_sapiens_GENE_2459
OG0000010	Callorhinchus_milii_GENE_1465	Homo_sapiens_GENE_1465
OG0000011	Callorhinchus_milii_GENE_1671	Homo_sapiens_GENE_1671
OG0000012	Callorhinchus_milii_GENE_1724	Homo_sapiens_GENE_1724
OG0000013	Callorhinchus_milii_GENE_1984	Homo_sapiens_GENE_1984
OG0000014	Callorhinchus_milii_GENE_2024	Homo_sapiens_GENE_2024
OG0000015	Callorhinchus_milii_GENE_2274	Homo_sapiens_GENE_2274
OG0000016	Callorhinchus_milii_GENE_2443	Homo_sapiens_GENE_2443
OG0000017	Callorhinchus_milii_GENE_248	Homo_sapiens_GENE_248
OG0000018	Callorhinchus_milii_GENE_17	Homo_sapiens_GENE_17
OG0000020	Callorhinchus_milii_GENE_2498	Homo_sapiens_GENE_2498
