Orthogroup	shark	gar
OG0000000	Callorhinchus_milii_GENE_1433	Lepisosteus_oculatus_GENE_1433
OG0000001	Callorhinchus_milii_GENE_2421	Lepisosteus_oculatus_GENE_2421
OG0000002	Callorhinchus_milii_GENE_1086	Lepisosteus_oculatus_GENE_1086
OG0000003	Callorhinchus_milii_GENE_1093	Lepisosteus_oculatus_GENE_1093
OG0000004	Callorhinchus_milii_GENE_1206	Lepisosteus_oculatus_GENE_1206
OG0000005	Callorhinchus_milii_GENE_1224	Lepisosteus_oculatus_GENE_1224
OG0000006	Callorhinchus_milii_GENE_1646	Lepisosteus_oculatus_GENE_1646
OG0000007	Callorhinchus_milii_GENE_2194	Lepisosteus_oculatus_GENE_2194
OG0000008	Callorhinchus_milii_GENE_2244	Lepisosteus_oculatus_GENE_2244
OG0000009	Callorhinchus_milii_GENE_2459	Lepisosteus_oculatus_GENE_2459
OG0000010	Callorhinchus_milii_GENE_1465	Lepisosteus_oculatus_GENE_1465
OG0000011	Callorhinchus_milii_GENE_1671	Lepisosteus_oculatus_GENE_1671
OG0000012	Callorhinchus_milii_GENE_1724	Lepisosteus_oculatus_GENE_1724
OG0000013	Callorhinchus_milii_GENE_1984	Lepisosteus_oculatus_GENE_1984
OG0000014	Callorhinchus_milii_GENE_2024	Lepisosteus_oculatus_GENE_2024
OG0000015	Callorhinchus_milii_GENE_2274	Lepisosteus_oculatus_GENE_2274
OG0000016	Callorhinchus_milii_GENE_2443	Lepisosteus_oculatus_GENE_2443
OG0000017	Callorhinchus_milii_GENE_248	Lepisosteus_oculatus_GENE_248
OG0000018	Callorhinchus_milii_GENE_17	Lepisosteus_oculatus_GENE_17
OG0000019	Callorhinchus_milii_GENE_2063	Lepisosteus_oculatus_GENE_2063
OG0000020	Callorhinchus_milii_GENE_2498	Lepisosteus_oculatus_GENE_2498
