Orthogroup	shark	dog
OG0000000	Callorhinchus_milii_GENE_1433	Canis_lupus_familiaris_GENE_1433
OG0000001	Callorhinchus_milii_GENE_2421	Canis_lupus_familiaris_GENE_2421
OG0000002	Callorhinchus_milii_GENE_1086	Canis_lupus_familiaris_GENE_1086
OG0000003	Callorhinchus_milii_GENE_1093	Canis_lupus_familiaris_GENE_1093
OG0000004	Callorhinchus_milii_GENE_1206	Canis_lupus_familiaris_GENE_1206
OG0000005	Callorhinchus_milii_GENE_1224	Canis_lupus_familiaris_GENE_1224
OG0000006	Callorhinchus_milii_GENE_1646	Canis_lupus_familiaris_GENE_1646
OG0000007	Callorhinchus_milii_GENE_2194	Canis_lupus_familiaris_GENE_2194
OG0000008	Callorhinchus_milii_GENE_2244	Canis_lupus_familiaris_GENE_2244
OG0000010	Callorhinchus_milii_GENE_1465	Canis_lupus_familiaris_GENE_1465
OG0000011	Callorhinchus_milii_GENE_1671	Canis_lupus_familiaris_GENE_1671
OG0000012	Callorhinchus_milii_GENE_1724	Canis_lupus_familiaris_GENE_1724
OG0000013	Callorhinchus_milii_GENE_1984	Canis_lupus_familiaris_GENE_1984
OG0000014	Callorhinchus_milii_GENE_2024	Canis_lupus_familiaris_GENE_2024
OG0000015	Callorhinchus_milii_GENE_2274	Canis_lupus_familiaris_GENE_2274
OG0000016	Callorhinchus_milii_GENE_2443	Canis_lupus_familiaris_GENE_2443
OG0000017	Callorhinchus_milii_GENE_248	Canis_lupus_familiaris_GENE_248
OG0000018	Callorhinchus_milii_GENE_17	Canis_lupus_familiaris_GENE_17
OG0000020	Callorhinchus_milii_GENE_2498	Canis_lupus_familiaris_GENE_2498
