Orthogroup	chicken	American-lungfish
OG0000000	Gallus_gallus_GENE_1433	Lepidosiren_paradoxa_GENE_1433
OG0000001	Gallus_gallus_GENE_2421	Lepidosiren_paradoxa_GENE_2421
OG0000002	Gallus_gallus_GENE_1086	Lepidosiren_paradoxa_GENE_1086
OG0000003	Gallus_gallus_GENE_1093	Lepidosiren_paradoxa_GENE_1093
OG0000005	Gallus_gallus_GENE_1224	Lepidosiren_paradoxa_GENE_1224
OG0000006	Gallus_gallus_GENE_1646	Lepidosiren_paradoxa_GENE_1646
OG0000007	Gallus_gallus_GENE_2194	Lepidosiren_paradoxa_GENE_2194
OG0000008	Gallus_gallus_GENE_2244	Lepidosiren_paradoxa_GENE_2244
OG0000009	Gallus_gallus_GENE_2459	Lepidosiren_paradoxa_GENE_2459
OG0000010	Gallus_gallus_GENE_1465	Lepidosiren_paradoxa_GENE_1465
OG0000011	Gallus_gallus_GENE_1671	Lepidosiren_paradoxa_GENE_1671
OG0000012	Gallus_gallus_GENE_1724	Lepidosiren_paradoxa_GENE_1724
OG0000013	Gallus_gallus_GENE_1984	Lepidosiren_paradoxa_GENE_1984
OG0000014	Gallus_gallus_GENE_2024	Lepidosiren_paradoxa_GENE_2024
OG0000015	Gallus_gallus_GENE_2274	Lepidosiren_paradoxa_GENE_2274
OG0000016	Gallus_gallus_GENE_2443	Lepidosiren_paradoxa_GENE_2443
OG0000017	Gallus_gallus_GENE_248	Lepidosiren_paradoxa_GENE_248
OG0000018	Gallus_gallus_GENE_17	Lepidosiren_paradoxa_GENE_17
OG0000019	Gallus_gallus_GENE_2063	Lepidosiren_paradoxa_GENE_2063
OG0000020	Gallus_gallus_GENE_2498	Lepidosiren_paradoxa_GENE_2498
