Orthogroup	chicken	pufferfish
OG0000000	Gallus_gallus_GENE_1433	Takifugu_rubripes_GENE_1433
OG0000001	Gallus_gallus_GENE_2421	Takifugu_rubripes_GENE_2421
OG0000002	Gallus_gallus_GENE_1086	Takifugu_rubripes_GENE_1086
OG0000003	Gallus_gallus_GENE_1093	Takifugu_rubripes_GENE_1093
OG0000005	Gallus_gallus_GENE_1224	Takifugu_rubripes_GENE_1224
OG0000006	Gallus_gallus_GENE_1646	Takifugu_rubripes_GENE_1646
OG0000007	Gallus_gallus_GENE_2194	Takifugu_rubripes_GENE_2194
OG0000008	Gallus_gallus_GENE_2244	Takifugu_rubripes_GENE_2244
OG0000009	Gallus_gallus_GENE_2459	Takifugu_rubripes_GENE_2459
OG0000010	Gallus_gallus_GENE_1465	Takifugu_rubripes_GENE_1465
OG0000011	Gallus_gallus_GENE_1671	Takifugu_rubripes_GENE_1671
OG0000013	Gallus_gallus_GENE_1984	Takifugu_rubripes_GENE_1984
OG0000014	Gallus_gallus_GENE_2024	Takifugu_rubripes_GENE_2024
OG0000015	Gallus_gallus_GENE_2274	Takifugu_rubripes_GENE_2274
OG0000016	Gallus_gallus_GENE_2443	Takifugu_rubripes_GENE_2443
OG0000017	Gallus_gallus_GENE_248	Takifugu_rubripes_GENE_248
OG0000018	Gallus_gallus_GENE_17	Takifugu_rubripes_GENE_17
