Orthogroup	chicken	coelacanth
OG0000000	Gallus_gallus_GENE_1433	Latimeria_chalumnae_GENE_1433
OG0000001	Gallus_gallus_GENE_2421	Latimeria_chalumnae_GENE_2421
OG0000002	Gallus_gallus_GENE_1086	Latimeria_chalumnae_GENE_1086
OG0000003	Gallus_gallus_GENE_1093	Latimeria_chalumnae_GENE_1093
OG0000005	Gallus_gallus_GENE_1224	Latimeria_chalumnae_GENE_1224
OG0000006	Gallus_gallus_GENE_1646	Latimeria_chalumnae_GENE_1646
OG0000007	Gallus_gallus_GENE_2194	Latimeria_chalumnae_GENE_2194
OG0000008	Gallus_gallus_GENE_2244	Latimeria_chalumnae_GENE_2244
OG0000009	Gallus_gallus_GENE_2459	Latimeria_chalumnae_GENE_2459
OG0000010	Gallus_gallus_GENE_1465	Latimeria_chalumnae_GENE_1465
OG0000011	Gallus_gallus_GENE_1671	Latimeria_chalumnae_GENE_1671
OG0000012	Gallus_gallus_GENE_1724	Latimeria_chalumnae_GENE_1724
OG0000013	Gallus_gallus_GENE_1984	Latimeria_chalumnae_GENE_1984
OG0000014	Gallus_gallus_GENE_2024	Latimeria_chalumnae_GENE_2024
OG0000015	Gallus_gallus_GENE_2274	Latimeria_chalumnae_GENE_2274
OG0000016	Gallus_gallus_GENE_2443	Latimeria_chalumnae_GENE_2443
OG0000017	Gallus_gallus_GENE_248	Latimeria_chalumnae_GENE_248
OG0000018	Gallus_gallus_GENE_17	Latimeria_chalumnae_GENE_17
OG0000019	Gallus_gallus_GENE_2063	Latimeria_chalumnae_GENE_2063
OG0000020	Gallus_gallus_GENE_2498	Latimeria_chalumnae_GENE_2498
