Orthogroup	chicken	zebrafish
OG0000000	Gallus_gallus_GENE_1433	Danio_rerio_GENE_1433
OG0000001	Gallus_gallus_GENE_2421	Danio_rerio_GENE_2421
OG0000002	Gallus_gallus_GENE_1086	Danio_rerio_GENE_1086
OG0000003	Gallus_gallus_GENE_1093	Danio_rerio_GENE_1093
OG0000005	Gallus_gallus_GENE_1224	Danio_rerio_GENE_1224
OG0000006	Gallus_gallus_GENE_1646	Danio_rerio_GENE_1646
OG0000007	Gallus_gallus_GENE_2194	Danio_rerio_GENE_2194
OG0000008	Gallus_gallus_GENE_2244	Danio_rerio_GENE_2244
OG0000009	Gallus_gallus_GENE_2459	Danio_rerio_GENE_2459
OG0000012	Gallus_gallus_GENE_1724	Danio_rerio_GENE_1724
OG0000014	Gallus_gallus_GENE_2024	Danio_rerio_GENE_2024
OG0000015	Gallus_gallus_GENE_2274	Danio_rerio_GENE_2274
OG0000018	Gallus_gallus_GENE_17	Danio_rerio_GENE_17
OG0000019	Gallus_gallus_GENE_2063	Danio_rerio_GENE_2063
OG0000020	Gallus_gallus_GENE_2498	Danio_rerio_GENE_2498
