Orthogroup	zebrafish	turtle
OG0000000	Danio_rerio_GENE_1433	Pelodiscus_sinensis_GENE_1433
OG0000001	Danio_rerio_GENE_2421	Pelodiscus_sinensis_GENE_2421
OG0000002	Danio_rerio_GENE_1086	Pelodiscus_sinensis_GENE_1086
OG0000003	Danio_rerio_GENE_1093	Pelodiscus_sinensis_GENE_1093
OG0000004	Danio_rerio_GENE_1206	Pelodiscus_sinensis_GENE_1206
OG0000005	Danio_rerio_GENE_1224	Pelodiscus_sinensis_GENE_1224
OG0000006	Danio_rerio_GENE_1646	Pelodiscus_sinensis_GENE_1646
OG0000007	Danio_rerio_GENE_2194	Pelodiscus_sinensis_GENE_2194
OG0000008	Danio_rerio_GENE_2244	Pelodiscus_sinensis_GENE_2244
OG0000009	Danio_rerio_GENE_2459	Pelodiscus_sinensis_GENE_2459
OG0000012	Danio_rerio_GENE_1724	Pelodiscus_sinensis_GENE_1724
OG0000015	Danio_rerio_GENE_2274	Pelodiscus_sinensis_GENE_2274
OG0000018	Danio_rerio_GENE_17	Pelodiscus_sinensis_GENE_17
OG0000019	Danio_rerio_GENE_2063	Pelodiscus_sinensis_GENE_2063
OG0000020	Danio_rerio_GENE_2498	Pelodiscus_sinensis_GENE_2498
