Orthogroup	zebrafish	kangaroo
OG0000000	Danio_rerio_GENE_1433	Macropus_eugenii_GENE_1433
OG0000001	Danio_rerio_GENE_2421	Macropus_eugenii_GENE_2421
OG0000002	Danio_rerio_GENE_1086	Macropus_eugenii_GENE_1086
OG0000003	Danio_rerio_GENE_1093	Macropus_eugenii_GENE_1093
OG0000004	Danio_rerio_GENE_1206	Macropus_eugenii_GENE_1206
OG0000005	Danio_rerio_GENE_1224	Macropus_eugenii_GENE_1224
OG0000006	Danio_rerio_GENE_1646	Macropus_eugenii_GENE_1646
OG0000007	Danio_rerio_GENE_2194	Macropus_eugenii_GENE_2194
OG0000009	Danio_rerio_GENE_2459	Macropus_eugenii_GENE_2459
OG0000012	Danio_rerio_GENE_1724	Macropus_eugenii_GENE_1724
OG0000014	Danio_rerio_GENE_2024	Macropus_eugenii_GENE_2024
OG0000015	Danio_rerio_GENE_2274	Macropus_eugenii_GENE_2274
OG0000018	Danio_rerio_GENE_17	Macropus_eugenii_GENE_17
OG0000019	Danio_rerio_GENE_2063	Macropus_eugenii_GENE_2063
OG0000020	Danio_rerio_GENE_2498	Macropus_eugenii_GENE_2498
