Orthogroup	zebrafish	pufferfish
OG0000000	Danio_rerio_GENE_1433	Takifugu_rubripes_GENE_1433
OG0000001	Danio_rerio_GENE_2421	Takifugu_rubripes_GENE_2421
OG0000002	Danio_rerio_GENE_1086	Takifugu_rubripes_GENE_1086
OG0000003	Danio_rerio_GENE_1093	Takifugu_rubripes_GENE_1093
OG0000004	Danio_rerio_GENE_1206	Takifugu_rubripes_GENE_1206
OG0000005	Danio_rerio_GENE_1224	Takifugu_rubripes_GENE_1224
OG0000006	Danio_rerio_GENE_1646	Takifugu_rubripes_GENE_1646
OG0000007	Danio_rerio_GENE_2194	Takifugu_rubripes_GENE_2194
OG0000008	Danio_rerio_GENE_2244	Takifugu_rubripes_GENE_2244
OG0000009	Danio_rerio_GENE_2459	Takifugu_rubripes_GENE_2459
OG0000014	Danio_rerio_GENE_2024	Takifugu_rubripes_GENE_2024
OG0000015	Danio_rerio_GENE_2274	Takifugu_rubripes_GENE_2274
OG0000018	Danio_rerio_GENE_17	Takifugu_rubripes_GENE_17
