Orthogroup	zebrafish	zebrafinch
OG0000000	Danio_rerio_GENE_1433	Taeniopygia_guttata_GENE_1433
OG0000001	Danio_rerio_GENE_2421	Taeniopygia_guttata_GENE_2421
OG0000003	Danio_rerio_GENE_1093	Taeniopygia_guttata_GENE_1093
OG0000004	Danio_rerio_GENE_1206	Taeniopygia_guttata_GENE_1206
OG0000006	Danio_rerio_GENE_1646	Taeniopygia_guttata_GENE_1646
OG0000008	Danio_rerio_GENE_2244	Taeniopygia_guttata_GENE_2244
OG0000009	Danio_rerio_GENE_2459	Taeniopygia_guttata_GENE_2459
OG0000012	Danio_rerio_GENE_1724	Taeniopygia_guttata_GENE_1724
OG0000014	Danio_rerio_GENE_2024	Taeniopygia_guttata_GENE_2024
OG0000018	Danio_rerio_GENE_17	Taeniopygia_guttata_GENE_17
OG0000019	Danio_rerio_GENE_2063	Taeniopygia_guttata_GENE_2063
OG0000020	Danio_rerio_GENE_2498	Taeniopygia_guttata_GENE_2498
