Orthogroup	zebrafish	chicken
OG0000000	Danio_rerio_GENE_1433	Gallus_gallus_GENE_1433
OG0000001	Danio_rerio_GENE_2421	Gallus_gallus_GENE_2421
OG0000002	Danio_rerio_GENE_1086	Gallus_gallus_GENE_1086
OG0000003	Danio_rerio_GENE_1093	Gallus_gallus_GENE_1093
OG0000005	Danio_rerio_GENE_1224	Gallus_gallus_GENE_1224
OG0000006	Danio_rerio_GENE_1646	Gallus_gallus_GENE_1646
OG0000007	Danio_rerio_GENE_2194	Gallus_gallus_GENE_2194
OG0000008	Danio_rerio_GENE_2244	Gallus_gallus_GENE_2244
OG0000009	Danio_rerio_GENE_2459	Gallus_gallus_GENE_2459
OG0000012	Danio_rerio_GENE_1724	Gallus_gallus_GENE_1724
OG0000014	Danio_rerio_GENE_2024	Gallus_gallus_GENE_2024
OG0000015	Danio_rerio_GENE_2274	Gallus_gallus_GENE_2274
OG0000018	Danio_rerio_GENE_17	Gallus_gallus_GENE_17
OG0000019	Danio_rerio_GENE_2063	Gallus_gallus_GENE_2063
OG0000020	Danio_rerio_GENE_2498	Gallus_gallus_GENE_2498
