Orthogroup	zebrafish	mouse
OG0000000	Danio_rerio_GENE_1433	Mus_musculus_GENE_1433
OG0000001	Danio_rerio_GENE_2421	Mus_musculus_GENE_2421
OG0000002	Danio_rerio_GENE_1086	Mus_musculus_GENE_1086
OG0000003	Danio_rerio_GENE_1093	Mus_musculus_GENE_1093
OG0000004	Danio_rerio_GENE_1206	Mus_musculus_GENE_1206
OG0000005	Danio_rerio_GENE_1224	Mus_musculus_GENE_1224
OG0000006	Danio_rerio_GENE_1646	Mus_musculus_GENE_1646
OG0000007	Danio_rerio_GENE_2194	Mus_musculus_GENE_2194
OG0000008	Danio_rerio_GENE_2244	Mus_musculus_GENE_2244
OG0000009	Danio_rerio_GENE_2459	Mus_musculus_GENE_2459
OG0000012	Danio_rerio_GENE_1724	Mus_musculus_GENE_1724
OG0000014	Danio_rerio_GENE_2024	Mus_musculus_GENE_2024
OG0000015	Danio_rerio_GENE_2274	Mus_musculus_GENE_2274
OG0000018	Danio_rerio_GENE_17	Mus_musculus_GENE_17
OG0000019	Danio_rerio_GENE_2063	Mus_musculus_GENE_2063
OG0000020	Danio_rerio_GENE_2498	Mus_musculus_GENE_2498
