Orthogroup	zebrafish	armadillo
OG0000000	Danio_rerio_GENE_1433	Dasypus_novemcinctus_GENE_1433
OG0000001	Danio_rerio_GENE_2421	Dasypus_novemcinctus_GENE_2421
OG0000002	Danio_rerio_GENE_1086	Dasypus_novemcinctus_GENE_1086
OG0000004	Danio_rerio_GENE_1206	Dasypus_novemcinctus_GENE_1206
OG0000005	Danio_rerio_GENE_1224	Dasypus_novemcinctus_GENE_1224
OG0000006	Danio_rerio_GENE_1646	Dasypus_novemcinctus_GENE_1646
OG0000007	Danio_rerio_GENE_2194	Dasypus_novemcinctus_GENE_2194
OG0000008	Danio_rerio_GENE_2244	Dasypus_novemcinctus_GENE_2244
OG0000009	Danio_rerio_GENE_2459	Dasypus_novemcinctus_GENE_2459
OG0000012	Danio_rerio_GENE_1724	Dasypus_novemcinctus_GENE_1724
OG0000014	Danio_rerio_GENE_2024	Dasypus_novemcinctus_GENE_2024
OG0000015	Danio_rerio_GENE_2274	Dasypus_novemcinctus_GENE_2274
OG0000018	Danio_rerio_GENE_17	Dasypus_novemcinctus_GENE_17
OG0000019	Danio_rerio_GENE_2063	Dasypus_novemcinctus_GENE_2063
