Orthogroup	zebrafish	platypus
OG0000000	Danio_rerio_GENE_1433	Ornithorhynchus_anatinus_GENE_1433
OG0000001	Danio_rerio_GENE_2421	Ornithorhynchus_anatinus_GENE_2421
OG0000002	Danio_rerio_GENE_1086	Ornithorhynchus_anatinus_GENE_1086
OG0000003	Danio_rerio_GENE_1093	Ornithorhynchus_anatinus_GENE_1093
OG0000004	Danio_rerio_GENE_1206	Ornithorhynchus_anatinus_GENE_1206
OG0000005	Danio_rerio_GENE_1224	Ornithorhynchus_anatinus_GENE_1224
OG0000007	Danio_rerio_GENE_2194	Ornithorhynchus_anatinus_GENE_2194
OG0000008	Danio_rerio_GENE_2244	Ornithorhynchus_anatinus_GENE_2244
OG0000009	Danio_rerio_GENE_2459	Ornithorhynchus_anatinus_GENE_2459
OG0000012	Danio_rerio_GENE_1724	Ornithorhynchus_anatinus_GENE_1724
OG0000019	Danio_rerio_GENE_2063	Ornithorhynchus_anatinus_GENE_2063
OG0000020	Danio_rerio_GENE_2498	Ornithorhynchus_anatinus_GENE_2498
