Orthogroup	opossum	zebrafish
OG0000000	Monodelphis_domestica_GENE_1433	Danio_rerio_GENE_1433
OG0000001	Monodelphis_domestica_GENE_2421	Danio_rerio_GENE_2421
OG0000002	Monodelphis_domestica_GENE_1086	Danio_rerio_GENE_1086
OG0000003	Monodelphis_domestica_GENE_1093	Danio_rerio_GENE_1093
OG0000004	Monodelphis_domestica_GENE_1206	Danio_rerio_GENE_1206
OG0000005	Monodelphis_domestica_GENE_1224	Danio_rerio_GENE_1224
OG0000006	Monodelphis_domestica_GENE_1646	Danio_rerio_GENE_1646
OG0000007	Monodelphis_domestica_GENE_2194	Danio_rerio_GENE_2194
OG0000008	Monodelphis_domestica_GENE_2244	Danio_rerio_GENE_2244
OG0000009	Monodelphis_domestica_GENE_2459	Danio_rerio_GENE_2459
OG0000012	Monodelphis_domestica_GENE_1724	Danio_rerio_GENE_1724
OG0000014	Monodelphis_domestica_GENE_2024	Danio_rerio_GENE_2024
OG0000015	Monodelphis_domestica_GENE_2274	Danio_rerio_GENE_2274
OG0000019	Monodelphis_domestica_GENE_2063	Danio_rerio_GENE_2063
OG0000020	Monodelphis_domestica_GENE_2498	Danio_rerio_GENE_2498
