Orthogroup	opossum	frog
OG0000000	Monodelphis_domestica_GENE_1433	Silurana_tropicalis_GENE_1433
OG0000001	Monodelphis_domestica_GENE_2421	Silurana_tropicalis_GENE_2421
OG0000002	Monodelphis_domestica_GENE_1086	Silurana_tropicalis_GENE_1086
OG0000003	Monodelphis_domestica_GENE_1093	Silurana_tropicalis_GENE_1093
OG0000004	Monodelphis_domestica_GENE_1206	Silurana_tropicalis_GENE_1206
OG0000005	Monodelphis_domestica_GENE_1224	Silurana_tropicalis_GENE_1224
OG0000006	Monodelphis_domestica_GENE_1646	Silurana_tropicalis_GENE_1646
OG0000007	Monodelphis_domestica_GENE_2194	Silurana_tropicalis_GENE_2194
OG0000008	Monodelphis_domestica_GENE_2244	Silurana_tropicalis_GENE_2244
OG0000009	Monodelphis_domestica_GENE_2459	Silurana_tropicalis_GENE_2459
OG0000010	Monodelphis_domestica_GENE_1465	Silurana_tropicalis_GENE_1465
OG0000011	Monodelphis_domestica_GENE_1671	Silurana_tropicalis_GENE_1671
OG0000012	Monodelphis_domestica_GENE_1724	Silurana_tropicalis_GENE_1724
OG0000013	Monodelphis_domestica_GENE_1984	Silurana_tropicalis_GENE_1984
OG0000014	Monodelphis_domestica_GENE_2024	Silurana_tropicalis_GENE_2024
OG0000015	Monodelphis_domestica_GENE_2274	Silurana_tropicalis_GENE_2274
OG0000016	Monodelphis_domestica_GENE_2443	Silurana_tropicalis_GENE_2443
OG0000017	Monodelphis_domestica_GENE_248	Silurana_tropicalis_GENE_248
OG0000019	Monodelphis_domestica_GENE_2063	Silurana_tropicalis_GENE_2063
OG0000020	Monodelphis_domestica_GENE_2498	Silurana_tropicalis_GENE_2498
