Orthogroup	pufferfish	opossum
OG0000000	Takifugu_rubripes_GENE_1433	Monodelphis_domestica_GENE_1433
OG0000001	Takifugu_rubripes_GENE_2421	Monodelphis_domestica_GENE_2421
OG0000002	Takifugu_rubripes_GENE_1086	Monodelphis_domestica_GENE_1086
OG0000003	Takifugu_rubripes_GENE_1093	Monodelphis_domestica_GENE_1093
OG0000004	Takifugu_rubripes_GENE_1206	Monodelphis_domestica_GENE_1206
OG0000005	Takifugu_rubripes_GENE_1224	Monodelphis_domestica_GENE_1224
OG0000006	Takifugu_rubripes_GENE_1646	Monodelphis_domestica_GENE_1646
OG0000007	Takifugu_rubripes_GENE_2194	Monodelphis_domestica_GENE_2194
OG0000008	Takifugu_rubripes_GENE_2244	Monodelphis_domestica_GENE_2244
OG0000009	Takifugu_rubripes_GENE_2459	Monodelphis_domestica_GENE_2459
OG0000010	Takifugu_rubripes_GENE_1465	Monodelphis_domestica_GENE_1465
OG0000011	Takifugu_rubripes_GENE_1671	Monodelphis_domestica_GENE_1671
OG0000013	Takifugu_rubripes_GENE_1984	Monodelphis_domestica_GENE_1984
OG0000014	Takifugu_rubripes_GENE_2024	Monodelphis_domestica_GENE_2024
OG0000015	Takifugu_rubripes_GENE_2274	Monodelphis_domestica_GENE_2274
OG0000016	Takifugu_rubripes_GENE_2443	Monodelphis_domestica_GENE_2443
OG0000017	Takifugu_rubripes_GENE_248	Monodelphis_domestica_GENE_248
