Orthogroup	pufferfish	zebrafinch
OG0000000	Takifugu_rubripes_GENE_1433	Taeniopygia_guttata_GENE_1433
OG0000001	Takifugu_rubripes_GENE_2421	Taeniopygia_guttata_GENE_2421
OG0000003	Takifugu_rubripes_GENE_1093	Taeniopygia_guttata_GENE_1093
OG0000004	Takifugu_rubripes_GENE_1206	Taeniopygia_guttata_GENE_1206
OG0000006	Takifugu_rubripes_GENE_1646	Taeniopygia_guttata_GENE_1646
OG0000008	Takifugu_rubripes_GENE_2244	Taeniopygia_guttata_GENE_2244
OG0000009	Takifugu_rubripes_GENE_2459	Taeniopygia_guttata_GENE_2459
OG0000010	Takifugu_rubripes_GENE_1465	Taeniopygia_guttata_GENE_1465
OG0000011	Takifugu_rubripes_GENE_1671	Taeniopygia_guttata_GENE_1671
OG0000013	Takifugu_rubripes_GENE_1984	Taeniopygia_guttata_GENE_1984
OG0000014	Takifugu_rubripes_GENE_2024	Taeniopygia_guttata_GENE_2024
OG0000017	Takifugu_rubripes_GENE_248	Taeniopygia_guttata_GENE_248
OG0000018	Takifugu_rubripes_GENE_17	Taeniopygia_guttata_GENE_17
