Orthogroup	pufferfish	platypus
OG0000000	Takifugu_rubripes_GENE_1433	Ornithorhynchus_anatinus_GENE_1433
OG0000001	Takifugu_rubripes_GENE_2421	Ornithorhynchus_anatinus_GENE_2421
OG0000002	Takifugu_rubripes_GENE_1086	Ornithorhynchus_anatinus_GENE_1086
OG0000003	Takifugu_rubripes_GENE_1093	Ornithorhynchus_anatinus_GENE_1093
OG0000004	Takifugu_rubripes_GENE_1206	Ornithorhynchus_anatinus_GENE_1206
OG0000005	Takifugu_rubripes_GENE_1224	Ornithorhynchus_anatinus_GENE_1224
OG0000007	Takifugu_rubripes_GENE_2194	Ornithorhynchus_anatinus_GENE_2194
OG0000008	Takifugu_rubripes_GENE_2244	Ornithorhynchus_anatinus_GENE_2244
OG0000009	Takifugu_rubripes_GENE_2459	Ornithorhynchus_anatinus_GENE_2459
OG0000010	Takifugu_rubripes_GENE_1465	Ornithorhynchus_anatinus_GENE_1465
OG0000011	Takifugu_rubripes_GENE_1671	Ornithorhynchus_anatinus_GENE_1671
OG0000013	Takifugu_rubripes_GENE_1984	Ornithorhynchus_anatinus_GENE_1984
OG0000016	Takifugu_rubripes_GENE_2443	Ornithorhynchus_anatinus_GENE_2443
OG0000017	Takifugu_rubripes_GENE_248	Ornithorhynchus_anatinus_GENE_248
