Orthogroup	pufferfish	zebrafish
OG0000000	Takifugu_rubripes_GENE_1433	Danio_rerio_GENE_1433
OG0000001	Takifugu_rubripes_GENE_2421	Danio_rerio_GENE_2421
OG0000002	Takifugu_rubripes_GENE_1086	Danio_rerio_GENE_1086
OG0000003	Takifugu_rubripes_GENE_1093	Danio_rerio_GENE_1093
OG0000004	Takifugu_rubripes_GENE_1206	Danio_rerio_GENE_1206
OG0000005	Takifugu_rubripes_GENE_1224	Danio_rerio_GENE_1224
OG0000006	Takifugu_rubripes_GENE_1646	Danio_rerio_GENE_1646
OG0000007	Takifugu_rubripes_GENE_2194	Danio_rerio_GENE_2194
OG0000008	Takifugu_rubripes_GENE_2244	Danio_rerio_GENE_2244
OG0000009	Takifugu_rubripes_GENE_2459	Danio_rerio_GENE_2459
OG0000014	Takifugu_rubripes_GENE_2024	Danio_rerio_GENE_2024
OG0000015	Takifugu_rubripes_GENE_2274	Danio_rerio_GENE_2274
OG0000018	Takifugu_rubripes_GENE_17	Danio_rerio_GENE_17
