Orthogroup	pufferfish	American-lungfish
OG0000000	Takifugu_rubripes_GENE_1433	Lepidosiren_paradoxa_GENE_1433
OG0000001	Takifugu_rubripes_GENE_2421	Lepidosiren_paradoxa_GENE_2421
OG0000002	Takifugu_rubripes_GENE_1086	Lepidosiren_paradoxa_GENE_1086
OG0000003	Takifugu_rubripes_GENE_1093	Lepidosiren_paradoxa_GENE_1093
OG0000004	Takifugu_rubripes_GENE_1206	Lepidosiren_paradoxa_GENE_1206
OG0000005	Takifugu_rubripes_GENE_1224	Lepidosiren_paradoxa_GENE_1224
OG0000006	Takifugu_rubripes_GENE_1646	Lepidosiren_paradoxa_GENE_1646
OG0000007	Takifugu_rubripes_GENE_2194	Lepidosiren_paradoxa_GENE_2194
OG0000008	Takifugu_rubripes_GENE_2244	Lepidosiren_paradoxa_GENE_2244
OG0000009	Takifugu_rubripes_GENE_2459	Lepidosiren_paradoxa_GENE_2459
OG0000010	Takifugu_rubripes_GENE_1465	Lepidosiren_paradoxa_GENE_1465
OG0000011	Takifugu_rubripes_GENE_1671	Lepidosiren_paradoxa_GENE_1671
OG0000013	Takifugu_rubripes_GENE_1984	Lepidosiren_paradoxa_GENE_1984
OG0000014	Takifugu_rubripes_GENE_2024	Lepidosiren_paradoxa_GENE_2024
OG0000015	Takifugu_rubripes_GENE_2274	Lepidosiren_paradoxa_GENE_2274
OG0000016	Takifugu_rubripes_GENE_2443	Lepidosiren_paradoxa_GENE_2443
OG0000017	Takifugu_rubripes_GENE_248	Lepidosiren_paradoxa_GENE_248
OG0000018	Takifugu_rubripes_GENE_17	Lepidosiren_paradoxa_GENE_17
