HOG	OG	Gene Tree Parent Clade	African-lungfish	American-lungfish	Australian-lungfish	armadillo	chicken	coelacanth	dog	elephant	frog	gar	human	kangaroo	lizard	mouse	opossum	platypus	pufferfish	shark	tilapia	turkey	turtle	zebrafinch	zebrafish
N11.HOG0000000	OG0000000	n0				Dasypus_novemcinctus_GENE_1433			Canis_lupus_familiaris_GENE_1433	Loxodonta_africana_GENE_1433			Homo_sapiens_GENE_1433	Macropus_eugenii_GENE_1433	Anolis_carolinensis_GENE_1433	Mus_musculus_GENE_1433	Monodelphis_domestica_GENE_1433	Ornithorhynchus_anatinus_GENE_1433							
N11.HOG0000001	OG0000001	n0				Dasypus_novemcinctus_GENE_2421			Canis_lupus_familiaris_GENE_2421	Loxodonta_africana_GENE_2421			Homo_sapiens_GENE_2421	Macropus_eugenii_GENE_2421	Anolis_carolinensis_GENE_2421	Mus_musculus_GENE_2421	Monodelphis_domestica_GENE_2421	Ornithorhynchus_anatinus_GENE_2421							
N11.HOG0000002	OG0000002	n0				Dasypus_novemcinctus_GENE_1086			Canis_lupus_familiaris_GENE_1086	Loxodonta_africana_GENE_1086			Homo_sapiens_GENE_1086	Macropus_eugenii_GENE_1086	Anolis_carolinensis_GENE_1086	Mus_musculus_GENE_1086	Monodelphis_domestica_GENE_1086	Ornithorhynchus_anatinus_GENE_1086							
N11.HOG0000003	OG0000003	n0							Canis_lupus_familiaris_GENE_1093	Loxodonta_africana_GENE_1093			Homo_sapiens_GENE_1093	Macropus_eugenii_GENE_1093	Anolis_carolinensis_GENE_1093	Mus_musculus_GENE_1093	Monodelphis_domestica_GENE_1093	Ornithorhynchus_anatinus_GENE_1093							
N11.HOG0000004	OG0000004	n0				Dasypus_novemcinctus_GENE_1206			Canis_lupus_familiaris_GENE_1206	Loxodonta_africana_GENE_1206			Homo_sapiens_GENE_1206	Macropus_eugenii_GENE_1206	Anolis_carolinensis_GENE_1206	Mus_musculus_GENE_1206	Monodelphis_domestica_GENE_1206	Ornithorhynchus_anatinus_GENE_1206							
N11.HOG0000005	OG0000005	n0				Dasypus_novemcinctus_GENE_1224			Canis_lupus_familiaris_GENE_1224	Loxodonta_africana_GENE_1224			Homo_sapiens_GENE_1224	Macropus_eugenii_GENE_1224	Anolis_carolinensis_GENE_1224	Mus_musculus_GENE_1224	Monodelphis_domestica_GENE_1224	Ornithorhynchus_anatinus_GENE_1224							
N11.HOG0000006	OG0000006	n0				Dasypus_novemcinctus_GENE_1646			Canis_lupus_familiaris_GENE_1646	Loxodonta_africana_GENE_1646			Homo_sapiens_GENE_1646	Macropus_eugenii_GENE_1646	Anolis_carolinensis_GENE_1646	Mus_musculus_GENE_1646	Monodelphis_domestica_GENE_1646								
N11.HOG0000007	OG0000007	n0				Dasypus_novemcinctus_GENE_2194			Canis_lupus_familiaris_GENE_2194	Loxodonta_africana_GENE_2194			Homo_sapiens_GENE_2194	Macropus_eugenii_GENE_2194	Anolis_carolinensis_GENE_2194	Mus_musculus_GENE_2194	Monodelphis_domestica_GENE_2194	Ornithorhynchus_anatinus_GENE_2194							
N11.HOG0000008	OG0000008	n0				Dasypus_novemcinctus_GENE_2244			Canis_lupus_familiaris_GENE_2244	Loxodonta_africana_GENE_2244			Homo_sapiens_GENE_2244		Anolis_carolinensis_GENE_2244	Mus_musculus_GENE_2244	Monodelphis_domestica_GENE_2244	Ornithorhynchus_anatinus_GENE_2244							
N11.HOG0000009	OG0000009	n0				Dasypus_novemcinctus_GENE_2459				Loxodonta_africana_GENE_2459			Homo_sapiens_GENE_2459	Macropus_eugenii_GENE_2459	Anolis_carolinensis_GENE_2459	Mus_musculus_GENE_2459	Monodelphis_domestica_GENE_2459	Ornithorhynchus_anatinus_GENE_2459							
N11.HOG0000010	OG0000010	n0				Dasypus_novemcinctus_GENE_1465			Canis_lupus_familiaris_GENE_1465	Loxodonta_africana_GENE_1465			Homo_sapiens_GENE_1465	Macropus_eugenii_GENE_1465	Anolis_carolinensis_GENE_1465	Mus_musculus_GENE_1465	Monodelphis_domestica_GENE_1465	Ornithorhynchus_anatinus_GENE_1465							
N11.HOG0000011	OG0000011	n0				Dasypus_novemcinctus_GENE_1671			Canis_lupus_familiaris_GENE_1671	Loxodonta_africana_GENE_1671			Homo_sapiens_GENE_1671	Macropus_eugenii_GENE_1671	Anolis_carolinensis_GENE_1671	Mus_musculus_GENE_1671	Monodelphis_domestica_GENE_1671	Ornithorhynchus_anatinus_GENE_1671							
N11.HOG0000012	OG0000012	n0				Dasypus_novemcinctus_GENE_1724			Canis_lupus_familiaris_GENE_1724	Loxodonta_africana_GENE_1724			Homo_sapiens_GENE_1724	Macropus_eugenii_GENE_1724	Anolis_carolinensis_GENE_1724	Mus_musculus_GENE_1724	Monodelphis_domestica_GENE_1724	Ornithorhynchus_anatinus_GENE_1724							
N11.HOG0000013	OG0000013	n0				Dasypus_novemcinctus_GENE_1984			Canis_lupus_familiaris_GENE_1984	Loxodonta_africana_GENE_1984			Homo_sapiens_GENE_1984	Macropus_eugenii_GENE_1984	Anolis_carolinensis_GENE_1984	Mus_musculus_GENE_1984	Monodelphis_domestica_GENE_1984	Ornithorhynchus_anatinus_GENE_1984							
N11.HOG0000014	OG0000014	n0				Dasypus_novemcinctus_GENE_2024			Canis_lupus_familiaris_GENE_2024	Loxodonta_africana_GENE_2024			Homo_sapiens_GENE_2024	Macropus_eugenii_GENE_2024	Anolis_carolinensis_GENE_2024	Mus_musculus_GENE_2024	Monodelphis_domestica_GENE_2024								
N11.HOG0000015	OG0000015	n0				Dasypus_novemcinctus_GENE_2274			Canis_lupus_familiaris_GENE_2274	Loxodonta_africana_GENE_2274			Homo_sapiens_GENE_2274	Macropus_eugenii_GENE_2274	Anolis_carolinensis_GENE_2274	Mus_musculus_GENE_2274	Monodelphis_domestica_GENE_2274								
N11.HOG0000016	OG0000016	n0				Dasypus_novemcinctus_GENE_2443			Canis_lupus_familiaris_GENE_2443	Loxodonta_africana_GENE_2443			Homo_sapiens_GENE_2443	Macropus_eugenii_GENE_2443	Anolis_carolinensis_GENE_2443	Mus_musculus_GENE_2443	Monodelphis_domestica_GENE_2443	Ornithorhynchus_anatinus_GENE_2443							
N11.HOG0000017	OG0000017	n0							Canis_lupus_familiaris_GENE_248	Loxodonta_africana_GENE_248			Homo_sapiens_GENE_248	Macropus_eugenii_GENE_248	Anolis_carolinensis_GENE_248	Mus_musculus_GENE_248	Monodelphis_domestica_GENE_248	Ornithorhynchus_anatinus_GENE_248							
N11.HOG0000018	OG0000018	n0				Dasypus_novemcinctus_GENE_17			Canis_lupus_familiaris_GENE_17	Loxodonta_africana_GENE_17			Homo_sapiens_GENE_17	Macropus_eugenii_GENE_17		Mus_musculus_GENE_17									
N11.HOG0000019	OG0000019	n0				Dasypus_novemcinctus_GENE_2063				Loxodonta_africana_GENE_2063				Macropus_eugenii_GENE_2063	Anolis_carolinensis_GENE_2063	Mus_musculus_GENE_2063	Monodelphis_domestica_GENE_2063	Ornithorhynchus_anatinus_GENE_2063							
N11.HOG0000020	OG0000020	n0							Canis_lupus_familiaris_GENE_2498	Loxodonta_africana_GENE_2498			Homo_sapiens_GENE_2498	Macropus_eugenii_GENE_2498	Anolis_carolinensis_GENE_2498	Mus_musculus_GENE_2498	Monodelphis_domestica_GENE_2498	Ornithorhynchus_anatinus_GENE_2498							
