HOG	OG	Gene Tree Parent Clade	African-lungfish	American-lungfish	Australian-lungfish	armadillo	chicken	coelacanth	dog	elephant	frog	gar	human	kangaroo	lizard	mouse	opossum	platypus	pufferfish	shark	tilapia	turkey	turtle	zebrafinch	zebrafish
N13.HOG0000000	OG0000000	n0					Gallus_gallus_GENE_1433															Meleagris_gallopavo_GENE_1433		Taeniopygia_guttata_GENE_1433	
N13.HOG0000001	OG0000001	n0					Gallus_gallus_GENE_2421															Meleagris_gallopavo_GENE_2421		Taeniopygia_guttata_GENE_2421	
N13.HOG0000002	OG0000002	n0					Gallus_gallus_GENE_1086															Meleagris_gallopavo_GENE_1086			
N13.HOG0000003	OG0000003	n0					Gallus_gallus_GENE_1093															Meleagris_gallopavo_GENE_1093		Taeniopygia_guttata_GENE_1093	
N13.HOG0000004	OG0000004	n0																				Meleagris_gallopavo_GENE_1206		Taeniopygia_guttata_GENE_1206	
N13.HOG0000005	OG0000005	n0					Gallus_gallus_GENE_1224															Meleagris_gallopavo_GENE_1224			
N13.HOG0000006	OG0000006	n0					Gallus_gallus_GENE_1646															Meleagris_gallopavo_GENE_1646		Taeniopygia_guttata_GENE_1646	
N13.HOG0000007	OG0000007	n0					Gallus_gallus_GENE_2194															Meleagris_gallopavo_GENE_2194			
N13.HOG0000008	OG0000008	n0					Gallus_gallus_GENE_2244															Meleagris_gallopavo_GENE_2244		Taeniopygia_guttata_GENE_2244	
N13.HOG0000009	OG0000009	n0					Gallus_gallus_GENE_2459															Meleagris_gallopavo_GENE_2459		Taeniopygia_guttata_GENE_2459	
N13.HOG0000010	OG0000010	n0					Gallus_gallus_GENE_1465															Meleagris_gallopavo_GENE_1465		Taeniopygia_guttata_GENE_1465	
N13.HOG0000011	OG0000011	n0					Gallus_gallus_GENE_1671																	Taeniopygia_guttata_GENE_1671	
N13.HOG0000012	OG0000012	n0					Gallus_gallus_GENE_1724															Meleagris_gallopavo_GENE_1724		Taeniopygia_guttata_GENE_1724	
N13.HOG0000013	OG0000013	n0					Gallus_gallus_GENE_1984															Meleagris_gallopavo_GENE_1984		Taeniopygia_guttata_GENE_1984	
N13.HOG0000014	OG0000014	n0					Gallus_gallus_GENE_2024															Meleagris_gallopavo_GENE_2024		Taeniopygia_guttata_GENE_2024	
N13.HOG0000015	OG0000015	n0					Gallus_gallus_GENE_2274															Meleagris_gallopavo_GENE_2274			
N13.HOG0000016	OG0000016	n0					Gallus_gallus_GENE_2443															Meleagris_gallopavo_GENE_2443			
N13.HOG0000017	OG0000017	n0					Gallus_gallus_GENE_248															Meleagris_gallopavo_GENE_248		Taeniopygia_guttata_GENE_248	
N13.HOG0000018	OG0000018	n0					Gallus_gallus_GENE_17															Meleagris_gallopavo_GENE_17		Taeniopygia_guttata_GENE_17	
N13.HOG0000019	OG0000019	n0					Gallus_gallus_GENE_2063															Meleagris_gallopavo_GENE_2063		Taeniopygia_guttata_GENE_2063	
N13.HOG0000020	OG0000020	n0					Gallus_gallus_GENE_2498															Meleagris_gallopavo_GENE_2498		Taeniopygia_guttata_GENE_2498	
