HOG	OG	Gene Tree Parent Clade	African-lungfish	American-lungfish	Australian-lungfish	armadillo	chicken	coelacanth	dog	elephant	frog	gar	human	kangaroo	lizard	mouse	opossum	platypus	pufferfish	shark	tilapia	turkey	turtle	zebrafinch	zebrafish
N17.HOG0000000	OG0000000	n0												Macropus_eugenii_GENE_1433			Monodelphis_domestica_GENE_1433								
N17.HOG0000001	OG0000001	n0												Macropus_eugenii_GENE_2421			Monodelphis_domestica_GENE_2421								
N17.HOG0000002	OG0000002	n0												Macropus_eugenii_GENE_1086			Monodelphis_domestica_GENE_1086								
N17.HOG0000003	OG0000003	n0												Macropus_eugenii_GENE_1093			Monodelphis_domestica_GENE_1093								
N17.HOG0000004	OG0000004	n0												Macropus_eugenii_GENE_1206			Monodelphis_domestica_GENE_1206								
N17.HOG0000005	OG0000005	n0												Macropus_eugenii_GENE_1224			Monodelphis_domestica_GENE_1224								
N17.HOG0000006	OG0000006	n0												Macropus_eugenii_GENE_1646			Monodelphis_domestica_GENE_1646								
N17.HOG0000007	OG0000007	n0												Macropus_eugenii_GENE_2194			Monodelphis_domestica_GENE_2194								
N17.HOG0000008	OG0000008	n0															Monodelphis_domestica_GENE_2244								
N17.HOG0000009	OG0000009	n0												Macropus_eugenii_GENE_2459			Monodelphis_domestica_GENE_2459								
N17.HOG0000010	OG0000010	n0												Macropus_eugenii_GENE_1465			Monodelphis_domestica_GENE_1465								
N17.HOG0000011	OG0000011	n0												Macropus_eugenii_GENE_1671			Monodelphis_domestica_GENE_1671								
N17.HOG0000012	OG0000012	n0												Macropus_eugenii_GENE_1724			Monodelphis_domestica_GENE_1724								
N17.HOG0000013	OG0000013	n0												Macropus_eugenii_GENE_1984			Monodelphis_domestica_GENE_1984								
N17.HOG0000014	OG0000014	n0												Macropus_eugenii_GENE_2024			Monodelphis_domestica_GENE_2024								
N17.HOG0000015	OG0000015	n0												Macropus_eugenii_GENE_2274			Monodelphis_domestica_GENE_2274								
N17.HOG0000016	OG0000016	n0												Macropus_eugenii_GENE_2443			Monodelphis_domestica_GENE_2443								
N17.HOG0000017	OG0000017	n0												Macropus_eugenii_GENE_248			Monodelphis_domestica_GENE_248								
N17.HOG0000018	OG0000018	n0												Macropus_eugenii_GENE_17											
N17.HOG0000019	OG0000019	n0												Macropus_eugenii_GENE_2063			Monodelphis_domestica_GENE_2063								
N17.HOG0000020	OG0000020	n0												Macropus_eugenii_GENE_2498			Monodelphis_domestica_GENE_2498								
