HOG	OG	Gene Tree Parent Clade	African-lungfish	American-lungfish	Australian-lungfish	armadillo	chicken	coelacanth	dog	elephant	frog	gar	human	kangaroo	lizard	mouse	opossum	platypus	pufferfish	shark	tilapia	turkey	turtle	zebrafinch	zebrafish
N20.HOG0000000	OG0000000	n0				Dasypus_novemcinctus_GENE_1433			Canis_lupus_familiaris_GENE_1433				Homo_sapiens_GENE_1433												
N20.HOG0000001	OG0000001	n0				Dasypus_novemcinctus_GENE_2421			Canis_lupus_familiaris_GENE_2421				Homo_sapiens_GENE_2421												
N20.HOG0000002	OG0000002	n0				Dasypus_novemcinctus_GENE_1086			Canis_lupus_familiaris_GENE_1086				Homo_sapiens_GENE_1086												
N20.HOG0000003	OG0000003	n0							Canis_lupus_familiaris_GENE_1093				Homo_sapiens_GENE_1093												
N20.HOG0000004	OG0000004	n0				Dasypus_novemcinctus_GENE_1206			Canis_lupus_familiaris_GENE_1206				Homo_sapiens_GENE_1206												
N20.HOG0000005	OG0000005	n0				Dasypus_novemcinctus_GENE_1224			Canis_lupus_familiaris_GENE_1224				Homo_sapiens_GENE_1224												
N20.HOG0000006	OG0000006	n0				Dasypus_novemcinctus_GENE_1646			Canis_lupus_familiaris_GENE_1646				Homo_sapiens_GENE_1646												
N20.HOG0000007	OG0000007	n0				Dasypus_novemcinctus_GENE_2194			Canis_lupus_familiaris_GENE_2194				Homo_sapiens_GENE_2194												
N20.HOG0000008	OG0000008	n0				Dasypus_novemcinctus_GENE_2244			Canis_lupus_familiaris_GENE_2244				Homo_sapiens_GENE_2244												
N20.HOG0000009	OG0000009	n0				Dasypus_novemcinctus_GENE_2459							Homo_sapiens_GENE_2459												
N20.HOG0000010	OG0000010	n0				Dasypus_novemcinctus_GENE_1465			Canis_lupus_familiaris_GENE_1465				Homo_sapiens_GENE_1465												
N20.HOG0000011	OG0000011	n0				Dasypus_novemcinctus_GENE_1671			Canis_lupus_familiaris_GENE_1671				Homo_sapiens_GENE_1671												
N20.HOG0000012	OG0000012	n0				Dasypus_novemcinctus_GENE_1724			Canis_lupus_familiaris_GENE_1724				Homo_sapiens_GENE_1724												
N20.HOG0000013	OG0000013	n0				Dasypus_novemcinctus_GENE_1984			Canis_lupus_familiaris_GENE_1984				Homo_sapiens_GENE_1984												
N20.HOG0000014	OG0000014	n0				Dasypus_novemcinctus_GENE_2024			Canis_lupus_familiaris_GENE_2024				Homo_sapiens_GENE_2024												
N20.HOG0000015	OG0000015	n0				Dasypus_novemcinctus_GENE_2274			Canis_lupus_familiaris_GENE_2274				Homo_sapiens_GENE_2274												
N20.HOG0000016	OG0000016	n0				Dasypus_novemcinctus_GENE_2443			Canis_lupus_familiaris_GENE_2443				Homo_sapiens_GENE_2443												
N20.HOG0000017	OG0000017	n0							Canis_lupus_familiaris_GENE_248				Homo_sapiens_GENE_248												
N20.HOG0000018	OG0000018	n0				Dasypus_novemcinctus_GENE_17			Canis_lupus_familiaris_GENE_17				Homo_sapiens_GENE_17												
N20.HOG0000019	OG0000019	n0				Dasypus_novemcinctus_GENE_2063																			
N20.HOG0000020	OG0000020	n0							Canis_lupus_familiaris_GENE_2498				Homo_sapiens_GENE_2498												
