HOG	OG	Gene Tree Parent Clade	African-lungfish	American-lungfish	Australian-lungfish	armadillo	chicken	coelacanth	dog	elephant	frog	gar	human	kangaroo	lizard	mouse	opossum	platypus	pufferfish	shark	tilapia	turkey	turtle	zebrafinch	zebrafish
N9.HOG0000000	OG0000000	n0	Protopterus_annectens_GENE_1433	Lepidosiren_paradoxa_GENE_1433	Neoceratodus_forsteri_GENE_1433																				
N9.HOG0000001	OG0000001	n0	Protopterus_annectens_GENE_2421	Lepidosiren_paradoxa_GENE_2421	Neoceratodus_forsteri_GENE_2421																				
N9.HOG0000002	OG0000002	n0	Protopterus_annectens_GENE_1086	Lepidosiren_paradoxa_GENE_1086	Neoceratodus_forsteri_GENE_1086																				
N9.HOG0000003	OG0000003	n0	Protopterus_annectens_GENE_1093	Lepidosiren_paradoxa_GENE_1093	Neoceratodus_forsteri_GENE_1093																				
N9.HOG0000004	OG0000004	n0	Protopterus_annectens_GENE_1206	Lepidosiren_paradoxa_GENE_1206	Neoceratodus_forsteri_GENE_1206																				
N9.HOG0000005	OG0000005	n0	Protopterus_annectens_GENE_1224	Lepidosiren_paradoxa_GENE_1224	Neoceratodus_forsteri_GENE_1224																				
N9.HOG0000006	OG0000006	n0	Protopterus_annectens_GENE_1646	Lepidosiren_paradoxa_GENE_1646	Neoceratodus_forsteri_GENE_1646																				
N9.HOG0000007	OG0000007	n0	Protopterus_annectens_GENE_2194	Lepidosiren_paradoxa_GENE_2194	Neoceratodus_forsteri_GENE_2194																				
N9.HOG0000008	OG0000008	n0	Protopterus_annectens_GENE_2244	Lepidosiren_paradoxa_GENE_2244	Neoceratodus_forsteri_GENE_2244																				
N9.HOG0000009	OG0000009	n0	Protopterus_annectens_GENE_2459	Lepidosiren_paradoxa_GENE_2459	Neoceratodus_forsteri_GENE_2459																				
N9.HOG0000010	OG0000010	n0	Protopterus_annectens_GENE_1465	Lepidosiren_paradoxa_GENE_1465	Neoceratodus_forsteri_GENE_1465																				
N9.HOG0000011	OG0000011	n0	Protopterus_annectens_GENE_1671	Lepidosiren_paradoxa_GENE_1671	Neoceratodus_forsteri_GENE_1671																				
N9.HOG0000012	OG0000012	n0	Protopterus_annectens_GENE_1724	Lepidosiren_paradoxa_GENE_1724	Neoceratodus_forsteri_GENE_1724																				
N9.HOG0000013	OG0000013	n0	Protopterus_annectens_GENE_1984	Lepidosiren_paradoxa_GENE_1984	Neoceratodus_forsteri_GENE_1984																				
N9.HOG0000014	OG0000014	n0	Protopterus_annectens_GENE_2024	Lepidosiren_paradoxa_GENE_2024	Neoceratodus_forsteri_GENE_2024																				
N9.HOG0000015	OG0000015	n0	Protopterus_annectens_GENE_2274	Lepidosiren_paradoxa_GENE_2274	Neoceratodus_forsteri_GENE_2274																				
N9.HOG0000016	OG0000016	n0	Protopterus_annectens_GENE_2443	Lepidosiren_paradoxa_GENE_2443	Neoceratodus_forsteri_GENE_2443																				
N9.HOG0000017	OG0000017	n0	Protopterus_annectens_GENE_248	Lepidosiren_paradoxa_GENE_248	Neoceratodus_forsteri_GENE_248																				
N9.HOG0000018	OG0000018	n0	Protopterus_annectens_GENE_17	Lepidosiren_paradoxa_GENE_17	Neoceratodus_forsteri_GENE_17																				
N9.HOG0000019	OG0000019	n0	Protopterus_annectens_GENE_2063	Lepidosiren_paradoxa_GENE_2063	Neoceratodus_forsteri_GENE_2063																				
N9.HOG0000020	OG0000020	n0	Protopterus_annectens_GENE_2498	Lepidosiren_paradoxa_GENE_2498	Neoceratodus_forsteri_GENE_2498																				
